channel,twitter_handle
xQcOW,xQc
summit1g,summit1g
Tfue,Tfue
Asmongold,Asmongold
NICKMERCS,NICKMERCS
loltyler1,loltyler1
LIRIK,LIRIK
sodapoppin,Sodapoppintv
CohhCarnage,CohhCarnage
Castro_1021,Castro1021
Pestily,Pestily
MOONMOON,MOONMOON_OW
Myth,Myth_
nl_Kripp,Kripparrian
Fresh,Fresh
TFBlade,tfblade
Yassuo,Yassuo
HasanAbi,hasanthehun
Bugha,bugha
Clix,Clix
Gorgc,Gorgc
ONSCREEN,onscreenlol
AdmiralBahroo,AdmiralBahroo
Quin69,quinrex
NickEh30,NickEh30
forsen,Forsen
Symfuhny,Symfuhny
Mizkif,REALMizkif
Maximilian_DOOD,maximilian_
Trainwreckstv,Trainwreckstv
SypherPK,SypherPK
Sacriel,Sacriel
dakotaz,dakotaz
AdmiralBulldog,AdmiralBulldog
pokimane,pokimanelol
Method,Method
Nightblue3,Nightbloo
EsfandTV,EsfandTV
shroud,shroud
Scarra,scarra
Thijs,G2Thijs
Swagg,Swagg
TeePee,TylerTeeP
LVNDMARK,LVNDMARK_tv
cloakzy,cloakzy
aceu,aceu
Elajjaz,Elajjaz
CDNThe3rd,CDNThe3rd
Kitboga,Kitboga
DansGaming,Dansgaming
RATIRL,Aatroxcarry
Yogscast,yogscast
dogdog,dogdog
chocoTaco,chocoTaco
Amouranth,Amouranth
UberHaxorNova,UberHaxorNova
Giantwaffle,GiantWaffle
imaqtpie,Imaqtpielol
x2Twins,x2twins
Anton,AntonFromYT
benjyfishy,benjyfishy
Jinnytty,Jinnytty1
Mathil1,MathilExists
Greekgodx,Greekgodx
Diegosaurs,diegosaurs
Nick28T,Nick28T
GMHikaru,GMHikaru
Chap,ChapFN
Klean,Kleanisklean
Gladd,Gladd
Vinesauce,VinnyVinesauce
RduLIVE,G2Rdu
Hiko,Hiko
FENGRUSH,FENGRUSH
72hrs,72hrs
JoshOG,JoshOG
B0aty,B0aty
AustinShow,AustinOnTwitter
39daph,39daph
scump,scump
Kyle,kylenotskyler
Aydan,aydan
Mongraal,Mongraal
EmadGG,EmadGG
lilypichu,LilyPichu
KingGeorge,KingGeorge
Zizaran,Zizaran
imls,LSXYZ9
TSM_ImperialHal,ImperialHal
Towelliee,towelthetank
FollowGrubby,followgrubby
IWillDominate,IWDominateLoL
Nadeshot,Nadeshot
buddha,Thebuddha_3
Deadlyslob,Deadlyslob
Nmplol,nmplol
Sequisha,Sequisha
HusKerrs,HusKerrs
Shiphtur,Shiphtur
BarbarousKing,DKBarbarian
moistcr1tikal,MoistCr1TiKaL
Rush,RushLoL
LosPollosTV,LosPollosTV
Voyboy,Voyboy
DatModz,DatModz
dafran,dafran
Aurateur,Aurateur
pokelawls,pokelawls
A_Seagull,A_Seagull
koil,ItsKoil
itsHafu,itshafu
Loeya,Loeya
Payo,payowow
Shotz,TR_Shotz
m0xyy,m0xyOW
LexVeldhuis,LexVeldhuis
NateHill,NateHillTV
Emongg,emonggtv
fl0m,fl0mtv
AsmodaiTV,coL_Asmodai
Grimmmz,MrGrimmmmz
BurkeBlack,0BurkeBlack0
Trick2g,Trick2g
FORMAL,FormaL
ANGRYPUG,ANGRYPUG
ShivFPS,ShivFPS
Distortion2,Distortion_2
boxbox,BoxBox
singsing,SingSing
bateson87,bateson87
NymN,nymnion
The_Happy_Hob,The_Happy_Hob
jakenbakeLIVE,jakenbakeLIVE
Syndicate,Syndicate
BotezLive,alexandravbotez
PENTA,PENTA_live
Sykkuno,Sykkuno
Jerma985,Jerma985
aDrive,aDrive_tK
cyr,cyr
MrSavage,MrSavage
Northernlion,Northernlion
Mendo,Mendo
ItsSlikeR,Sliker
Alinity,AlinityTwitch
Flight23white,Flight23White
Loserfruit,Loserfruit
Broxah,BroxahLoL
HAchubby,hachubbytv
CurtisRyan,Curtisryan__
miniminter,miniminter
xChocoBars,xChocoBars
KYR_SP33DY,KYR_SP33DY
fuslie,fuslie
erobb221,Erobb221
Kandyland,kandylul
Sweet_Anita,sweetanita
AnthonyZ,AnthonyZ1O
roflgator,roflgatorOW
QuarterJade,QuarterJade
Crayator,crayator
Arcadum,GloriousArcadum
Zerkaa,ZerkaaHD
BrookeAB,brookeab
CallMeCarsonLIVE,CallMeCarsonYT
AndyMilonakis,andymilonakis
